article,date
Amazon's AI Partnership with Anthropic Under Investigation by UK Regulators,2024-08-08
Major AI players seem to be losing steam,2024-08-08
Google and Meta Reportedly Had 'Secret Deal' To Target Ads To Teens,2024-08-08
Analyst: Alphabet (GOOG) Search is Highly Defensible Despite OpenAI SearchGPT Overhang,2024-08-08
YouTube slowdown in Russia darkens freedom of speech outlook,2024-08-08
Analysis: OpenAI is a bigger threat to Google than US regulators,2024-08-08
5 Things to Know Before the Stock Market Opens,2024-08-08
Prediction: 3 Artificial Intelligence (AI) Stocks That Could Be Worth More Than Nvidia 5 Years From Now,2024-08-08
Reddit Says Buy These 7 Stocks At A Discount After Latest Market Crash,2024-08-08
"Prediction: 1 Unstoppable Stock Will Join Nvidia, Apple, Microsoft, and Alphabet in the $2 Trillion Club Within 3 Years",2024-08-08
"Why Is Nvidia Stock Still a Buy After Its Steep Sell-Off? Just Ask Amazon, Google, Microsoft, and Meta.",2024-08-08
Here's the No. 1 Reason to Buy Stocks During a Sell-Off,2024-08-08
Q2 2024 IAC and Angi Inc Joint Earnings Call,2024-08-08
Prediction: This Hypergrowth Company Will Be Wall Street's First $6 Trillion Stock -- and It's Not Nvidia!,2024-08-08
"Youtube Shorts Reaches 1 Trillion Views In India, Says CEO Neal Mohan",2024-08-08
Expanding the Cloud for AI,2024-08-08
Mozilla Foundation president talk AI integration on Firefox and Google's antitrust ruling,2024-08-07
YouTube is testing a feature that lets creators use Google Gemini to brainstorm video ideas,2024-08-07
"Why Is Arbor Realty Trust, Inc. (ABR) the Best Dividend Stock with 10%+ Yield Right Now?",2024-08-07
"Why Are Hedge Funds Bullish on Medical Properties Trust, Inc. (MPW) Right Now?",2024-08-07
"Abandoned Acquisitions, AI, and Robotaxis...Big Things in the World of Stocks",2024-08-07
Apple Is the Big Loser in Googles Antitrust Battle,2024-08-07
"Made by Google 2024: How to watch Google unveil the Pixel 9, a new foldable and more",2024-08-07
"Google Antitrust Ruling Is a Negative for Its Credit and Apples, Moodys Says",2024-08-07
The AI trade is losing its luster,2024-08-07
"MSFT, GOOGL, META, AMZN, AAPL: Big Techs Big Spend on AI",2024-08-07
What will happen to Google Search? Microsoft's 1998 antitrust case has clues,2024-08-07
"Google Has Been Ruled a Monopoly. On the Internet, It May Not Matter.",2024-08-07
Where Will Duolingo Be in 5 Years?,2024-08-07
Big Tech is in 'penalty box' for now: Barclays strategist,2024-08-07
Former U.S. Assistant Attorney General Makan Delrahim on Google antitrust ruling,2024-08-07
Meet Vanguard's 3 Hottest Sector ETFs in 2024 (and None of Them Are Tech),2024-08-07
Waymo expands in California,2024-08-07
Apple could lose $20bn in Google search antitrust ruling,2024-08-07
Hyundai exploring partnership with Google for connectedÂ car tech,2024-08-07
1 No-Brainer Artificial Intelligence (AI) Stock to Buy Following the Nasdaq's Recent Drop,2024-08-07
"1 Stock-Split Artificial Intelligence (AI) Stock to Buy Before It Skyrockets 67%, According to One Wall Street Analyst",2024-08-07
This Undervalued Stock Could Join Alphabet in the $2 Trillion Club,2024-08-07
Why Meta Platforms Stock Was Gaining on Tuesday,2024-08-07
The AI Founder Exodus,2024-08-06
"Recession outlook, tech trade, Zoetis CFO: Market Domination",2024-08-06
Googles unlawful grip on search could shatter its market dominance,2024-08-06
"A judge has branded Google a monopolist, but AI may bring about quicker change in internet search",2024-08-06
Google Assistant lives to automate another day,2024-08-06
A Microsoft victory and Mozilla defeat: The fallout from Googles antitrust saga,2024-08-06
Google Says It Will Appeal Antitrust Ruling What That Could Mean for Big Tech,2024-08-06
"Made by Google 2024: Pixel 9, Gemini, a new foldable and other things to expect from the event",2024-08-06
"These Stocks Moved the Most Today: Palantir, Nvidia, Uber, Caterpillar, CrowdStrike, Lumen, Kenvue, ZoomInfo, and More",2024-08-06
Federal court finds Google in illegal search monopoly,2024-08-06
Stock Market Today: S&P500 ends higher as dip buyers return after rout,2024-08-06
"Big Tech stocks: It's time to go bargain hunting, analyst says",2024-08-06
Google antitrust ruling may pose $20 billion risk for Apple,2024-08-06
"Waymo to expand autonomous ride-hailing service areas in Los Angeles, San Francisco",2024-08-06
Tech industry weighs impact of Google antitrust decision,2024-08-06
Analysts review Apple stock price hit from Google antitrust ruling,2024-08-06
"Google Parent Alphabet's Breakup Could Boost Stock Value, Citing Higher Investor Appeal For Pure-Play Assets: Analyst",2024-08-06
Google just lost a big antitrust trial. Now it has to face another.,2024-08-06
"These Stocks Are Moving the Most Today: Palantir, Nvidia, Uber, Caterpillar, CrowdStrike, Lumen, Kenvue, ZoomInfo, and More",2024-08-06
"After nine years, Google's Nest Learning Thermostat gets an AI makeover",2024-08-06
Squawk Pod: Google's antitrust issues,2024-08-06
Google loses search antitrust suit,2024-08-06
"Markets eye rebound, Google loses antitrust suit: Catalysts",2024-08-06
"Midday movers: Palantir, Uber, Kenvue rise; Vulcan Materials falls",2024-08-06
Google monopoly ruling could help Apple defense in antitrust case,2024-08-06
Heard on the Street: Googles Loss Doesnt Have Wall Street Worried Yet,2024-08-06
The Market Is Rallying Broadly. The Magnificent Seven Stocks Arent.,2024-08-06
Tech had a rough day. But dont call it a dot-com meltdown moment yet,2024-08-06
"In landmark Google ruling, a warning to companies about preserving evidence",2024-08-06
Google search antitrust ruling could hurt iPhone maker Apple,2024-08-06
Breaking up Google would offer a chance to remodel the web,2024-08-06
"Google has an illegal monopoly on search, judge rules. Heres whats next",2024-08-06
"Buffett Slashes AAPL Stake in Half, What's Really Going On?, Removing the Buffett Overhang",2024-08-06
Wall Street sees 'buying opportunity' amid AI pullback,2024-08-06
DOJ's Kanter on Google antitrust ruling: We're interested in ensuring the competitive market works,2024-08-06
Microsoft Blow as OpenAI Loses Another Founder to Alphabet-Backed Rival,2024-08-06
"Apple Stock Slips, Microsoft Gains. What Googles Antitrust Loss Means for Big Tech.",2024-08-06
Google and Apple Can Afford to Play Long Game After Antitrust Ruling,2024-08-06
Uber Stock Jumps as Q2 Profits More Than Double,2024-08-06
"Are the AI, tech trades still the move after Mag 7 losses?",2024-08-06
"Fed Chair Jay Clayton on market sell-off, Fed's inflation fight and Google's antitrust ruling",2024-08-06
"Wall Street watching Fed, Google ruling, Palantir: 3 Things",2024-08-06
Saudi PIF Has Poured $750 Million Into Depleted AR Firm Magic Leap,2024-08-06
"These Stocks Are Moving the Most Today: Palantir, Nvidia, Uber, Caterpillar, CrowdStrike, Apple, Lumen, Lucid, ZoomInfo, and More",2024-08-06
Amazon-Backed AI Start-Up Recruits OpenAI Founder. What It Means for Microsoft.,2024-08-06
"Palantir, Uber, Kenvue rise premarket; Yum! Brands fall",2024-08-06
5 Things to Know Before the Stock Market Opens,2024-08-06
"Apple Stock Slips, Microsoft Gains. What Googles Antitrust Loss Means for Big Tech.",2024-08-06
Google loses massive antitrust lawsuit over its search dominance,2024-08-06
"Markets Melted. Stocks Retreating After Gains Is Normal, but Brace for More Volatility",2024-08-06
"Markets Melted. Stocks Retreating After Gains Is Normal, but Brace for More Volatility, and 5 Other Things to Know Today.",2024-08-06
US judge rules Googles search monopoly is illegal,2024-08-06
Google Loses Antitrust Case. Judge Says Its a Monopolist.,2024-08-06
Googles Antitrust Loss Set to Reshape Search and Mobile Industries,2024-08-06
US stock futures rise;  rebounding after recession-linked bruising losses,2024-08-06
"US futures, Nikkei rebound, Google's case - what's moving markets",2024-08-06
Mondays stock market crash shows that the AI revolution isnt quite here yet,2024-08-06
"Cloud Wars: Amazon Leads, Microsoft Disappoints, Google Surges",2024-08-06
"Forget Apple, the biggest loser in the Google search ruling could be Mozilla and its Firefox web browser",2024-08-05
"Google loses massive antitrust case over search, will appeal ruling",2024-08-05
How an Investing Strategy in Japan Spurred a Global Market Rout,2024-08-05
"Google Monopolized Search Through Illegal Deals, Judge Rules",2024-08-05
Apples Shift to AI Is Poised to Soften Blow From Google Ruling,2024-08-05
"Google Broke Antitrust Law With Search Monopoly, Federal Judge Rules",2024-08-05
US judge describes how Google built and defended illegal search monopoly,2024-08-05
Google's antitrust loss could put billions at risk for Apple,2024-08-05
"Google's search monopoly, El-Erian talks the Fed: Market Domination",2024-08-05
'Magnificent Seven' Losses Approach $3 Trillion Amid Weeks-Long Selloff,2024-08-05
Judge rules Google illegally maintained a search monopoly,2024-08-05
Nvidia shares tank as 'Magnificent 7' stocks lose more than $650 billion in market cap,2024-08-05
"Google abused its power to maintain monopoly on search, US court rules",2024-08-05
Google loses antitrust case over search dominance,2024-08-05
Bets on emergency US rate cut ramp up as recession fears grow,2024-08-05
Magnificent Seven Tech Stocks Shed More Than $650 Billion in Market Value,2024-08-05
Federal Judge Rules Against Google In Antitrust Case. Will Apple Deal Be Impacted?,2024-08-05
Google loses DOJ antitrust lawsuit over search,2024-08-05
Google just lost the biggest tech antitrust case in decades,2024-08-05
All eyes are on the future of the tech trade during sell-off,2024-08-05
"Google illegally maintains monopoly over internet search, judge rules",2024-08-05
"Google a 'monopolist,' violated US antitrust laws, judge rules",2024-08-05
"Google loses major antitrust case over search, declared a monopoly by judge",2024-08-05
Federal judge says Google is exploiting its search dominance to squash competition,2024-08-05
Google loses antitrust trial in major blow to tech giant,2024-08-05
US judge rules Google has monopoly on search in DOJ lawsuit,2024-08-05
Nvidia shares tank as 'Magnificent 7' stocks on track to lose $620 billion in market cap,2024-08-05
"Why Amazon, Microsoft, Meta Platforms, and Other ""Magnificent Seven"" Stocks Got Caught Up in a Sell-Off on Monday",2024-08-05
"Crypto sell-off, services PMI data, tech trends: Catalysts",2024-08-05
Google Gemini rated most competitive LLM by GlobalData as the company cuts LLM pricing,2024-08-05
AI chip startup Groq lands $640M to challenge Nvidia,2024-08-05
Why this market pullback may be good for Big Tech,2024-08-05
Nvidia stock tanks as Magnificent 7 shares see worst market cap loss ever,2024-08-05
Nvidia Reportedly Delays Next-Generation Blackwell AI Chip; Big Implications For Sector,2024-08-05
Nvidia Stock Plummets on Reported Delay of Its New AI Chip Amid Global Sell-Off,2024-08-05
Is Alphabet (GOOG) a Buy on the Dip?,2024-08-05
Heres Why Alphabet (GOOG) Rose in Q2,2024-08-05
"Amazon, Microsoft, Alphabet Spent More on AI than Expected. This Is What It Did to the Stocks.",2024-08-05
A Magnificent Investment Opportunity: 1 Artificial Intelligence (AI) Stock to Buy Hand Over Fist Right Now and Hold for Decades,2024-08-05
"Magnificent Seven set to shed $900 billion in value, led by Apple, Nvidia",2024-08-05
"Magnificent Seven set to shed $1 trillion in value, led by Apple, Nvidia",2024-08-05
U.S. Recession Fears Add To AI Rethink. Is Google Stock A Buy Or Sell?,2024-08-05
AI Stock Sell-Off: 3 Tech Stocks to Buy Now,2024-08-05
DSA vs. DMA: How Europe's twin digital regulations are hitting Big Tech,2024-08-05
Here's Why Alphabet Deserves a Spot in Your Portfolio,2024-08-05
Mark Zuckerberg Just Made a Stunning Prediction. Is Meta Platforms Now a Must-Own AI Stock?,2024-08-05
2 Unstoppable Growth Stocks to Buy if There's a Stock Market Sell-Off,2024-08-05
Better Artificial Intelligence Stock: Alphabet vs. AMD,2024-08-05
"Forget the ""Magnificent Seven:"" These 3 Tech Stocks Are Table-Pounding Buys",2024-08-05
Nasdaq Market Correction: 3 No-Brainer Stocks to Buy on the Pullback,2024-08-05
Wall Street will support heavy AI spending as long as everything else is going great,2024-08-05
Is Alphabet on the Hunt for a Big Acquisition?,2024-08-04
Is Nvidia Stock a Buy Now?,2024-08-04
Is the AI Bubble Popping? Don't Be so Sure.,2024-08-04
Why now is the time to buy the Nvidia sell-off,2024-08-04
Stock Funds Are Up 12.6% in 2024,2024-08-04
Forget Nvidia: Billionaires Are Buying Up This Artificial Intelligence (AI) Stock Instead,2024-08-04
Better Tech Stock: Nvidia vs. Alphabet,2024-08-04
"OpenAI Is Launching a Search Engine, but Don't Sell Your Alphabet (Google) Stock Just Yet",2024-08-04
Is the Artificial Intelligence (AI) Stock Bubble Bursting? These CEO Quotes Say No: The Boom Will Continue,2024-08-04
The Country with the Highest Indian Population in the World,2024-08-03
20 Countries with Highest Indian Population in the World,2024-08-03
"Delay to Nvidia's new AI chip could affect Microsoft, Google, Meta, the Information says",2024-08-03
"1 Unstoppable Stock That Could Join Apple, Microsoft, Nvidia, Alphabet, Amazon, and Meta in the $1 Trillion Club",2024-08-03
Breaking Down the Tech Giants AI Spending Surge,2024-08-03
Apple Just Exposed a Massive Risk for Nvidia Stock,2024-08-03
Big Tech AI investment is going right to Nvidia: Chart of the Week,2024-08-03
Like Tesla? You'll Love This AI Autonomy Stock,2024-08-03
Could Alphabet Stock Help You Become a Millionaire?,2024-08-03
Is It Too Late to Buy Nvidia Stock? Evidence Is Piling Up That Provides a Clear Answer,2024-08-03
Character.AI CEO Noam Shazeer returns to Google,2024-08-02
AI Investors Are Soul-Searching,2024-08-02
Googles hiring of Character.AIs founders is the latest sign that part of the AI startup world is starting to implode,2024-08-02
Why Stocks Just Had Their Most Volatile Two Weeks in Over a Year,2024-08-02
Apple stock finishes flat following Q3 earnings despite a decline in iPhone sales,2024-08-02
Apple stock finish flat following Q3 earnings despite a decline in iPhone sales,2024-08-02
Google Rehires Co-Founders of Chatbot Startup Character.AI,2024-08-02
Cloud infrastructure revenue approached $80 billion this quarter,2024-08-02
Google pulls Olympics ad that showed AI writing a little girls letter for her,2024-08-02
"Google hires top talent from startup Character.AI, signs licensing deal",2024-08-02
U.S. judge rules Google broke antitrust law in search case,2024-08-05
Nvidia shares tank as 'Magnificent 7' stocks on track to lose $620 billion in market cap,2024-08-05
"Why Amazon, Microsoft, Meta Platforms, and Other ""Magnificent Seven"" Stocks Got Caught Up in a Sell-Off on Monday",2024-08-05
"Crypto sell-off, services PMI data, tech trends: Catalysts",2024-08-05
Google Gemini rated most competitive LLM by GlobalData as the company cuts LLM pricing,2024-08-05
AI chip startup Groq lands $640M to challenge Nvidia,2024-08-05
Why this market pullback may be good for Big Tech,2024-08-05
Nvidia stock tanks as Magnificent 7 shares see worst market cap loss ever,2024-08-05
Magnificent Seven Tech Stocks Shed More Than $700 Billion in Market Value,2024-08-05
Nvidia Reportedly Delays Next-Generation Blackwell AI Chip; Big Implications For Sector,2024-08-05
Nvidia Stock Plummets on Reported Delay of Its New AI Chip Amid Global Sell-Off,2024-08-05
Is Alphabet (GOOG) a Buy on the Dip?,2024-08-05
Heres Why Alphabet (GOOG) Rose in Q2,2024-08-05
"Amazon, Microsoft, Alphabet Spent More on AI than Expected. This Is What It Did to the Stocks.",2024-08-05
A Magnificent Investment Opportunity: 1 Artificial Intelligence (AI) Stock to Buy Hand Over Fist Right Now and Hold for Decades,2024-08-05
"Magnificent Seven set to shed $900 billion in value, led by Apple, Nvidia",2024-08-05
"Magnificent Seven set to shed $1 trillion in value, led by Apple, Nvidia",2024-08-05
U.S. Recession Fears Add To AI Rethink. Is Google Stock A Buy Or Sell?,2024-08-05
AI Stock Sell-Off: 3 Tech Stocks to Buy Now,2024-08-05
DSA vs. DMA: How Europe's twin digital regulations are hitting Big Tech,2024-08-05
Here's Why Alphabet Deserves a Spot in Your Portfolio,2024-08-05
Mark Zuckerberg Just Made a Stunning Prediction. Is Meta Platforms Now a Must-Own AI Stock?,2024-08-05
2 Unstoppable Growth Stocks to Buy if There's a Stock Market Sell-Off,2024-08-05
Better Artificial Intelligence Stock: Alphabet vs. AMD,2024-08-05
"Forget the ""Magnificent Seven:"" These 3 Tech Stocks Are Table-Pounding Buys",2024-08-05
Nasdaq Market Correction: 3 No-Brainer Stocks to Buy on the Pullback,2024-08-05
Wall Street will support heavy AI spending as long as everything else is going great,2024-08-05
Is Alphabet on the Hunt for a Big Acquisition?,2024-08-04
Is Nvidia Stock a Buy Now?,2024-08-04
Is the AI Bubble Popping? Don't Be so Sure.,2024-08-04
Why now is the time to buy the Nvidia sell-off,2024-08-04
Stock Funds Are Up 12.6% in 2024,2024-08-04
Forget Nvidia: Billionaires Are Buying Up This Artificial Intelligence (AI) Stock Instead,2024-08-04
Better Tech Stock: Nvidia vs. Alphabet,2024-08-04
"OpenAI Is Launching a Search Engine, but Don't Sell Your Alphabet (Google) Stock Just Yet",2024-08-04
Is the Artificial Intelligence (AI) Stock Bubble Bursting? These CEO Quotes Say No: The Boom Will Continue,2024-08-04
The Country with the Highest Indian Population in the World,2024-08-03
20 Countries with Highest Indian Population in the World,2024-08-03
"Delay to Nvidia's new AI chip could affect Microsoft, Google, Meta, the Information says",2024-08-03
"1 Unstoppable Stock That Could Join Apple, Microsoft, Nvidia, Alphabet, Amazon, and Meta in the $1 Trillion Club",2024-08-03
Breaking Down the Tech Giants AI Spending Surge,2024-08-03
Apple Just Exposed a Massive Risk for Nvidia Stock,2024-08-03
Big Tech AI investment is going right to Nvidia: Chart of the Week,2024-08-03
Like Tesla? You'll Love This AI Autonomy Stock,2024-08-03
Could Alphabet Stock Help You Become a Millionaire?,2024-08-03
Is It Too Late to Buy Nvidia Stock? Evidence Is Piling Up That Provides a Clear Answer,2024-08-03
Character.AI CEO Noam Shazeer returns to Google,2024-08-02
AI Investors Are Soul-Searching,2024-08-02
Googles hiring of Character.AIs founders is the latest sign that part of the AI startup world is starting to implode,2024-08-02
Why Stocks Just Had Their Most Volatile Two Weeks in Over a Year,2024-08-02
Apple stock finishes flat following Q3 earnings despite a decline in iPhone sales,2024-08-02
Apple stock finish flat following Q3 earnings despite a decline in iPhone sales,2024-08-02
Google Rehires Co-Founders of Chatbot Startup Character.AI,2024-08-02
Cloud infrastructure revenue approached $80 billion this quarter,2024-08-02
Google pulls Olympics ad that showed AI writing a little girls letter for her,2024-08-02
"Google hires top talent from startup Character.AI, signs licensing deal",2024-08-02
Trump tells his supporters to GO AFTER Google and Meta,2024-08-02
Google scraps its Olympic Gemini ad after viewers revolt against its dystopian theme,2024-08-02
"Amazon stock tumbles 8% as profit, revenue outlook disappoints",2024-08-02
Why Nvidia Stock Kept Tumbling on Friday,2024-08-02
Alphabet Cut Its CrowdStrike Stake in Half Before Botched Software Update,2024-08-02
Has the AI bubble burst? Wall Street wonders if artificial intelligence will ever make money,2024-08-02
Google cut its CrowdStrike stake in half   just before the global IT outage,2024-08-02
Judge Tosses $4.7B Verdict Against NFL in 'Sunday Ticket' Antitrust Case,2024-08-02
Solid Quarterly Results Lifted Alphabet (GOOG) Higher,2024-08-02
Amazon's Narrowed Margins Overshadow Cloud Computing's Growth Reacceleration,2024-08-02
Nvidia Cracks Deepen. Don't Ignore Earlier Wake-Up Calls.,2024-08-02
Google has pulled its Olympics-themed AI ad that gave viewers the ick,2024-08-02
Alphabet's Value Shines After Dip,2024-08-02
Big Tech Fails to Convince Wall Street That AI Is Paying Off,2024-08-02
ChatGPT v/s Google Search: Which is the Better AI Pick?,2024-08-02
Amazon stock tumbles nearly 10% on weaker-than-expected earnings report,2024-08-02
"Global Chip Stocks Plunge as Intel, Tech AI Spending Spook Investors",2024-08-02
5 Things to Know Before the Stock Market Opens,2024-08-02
My Top 4 Stocks to Buy in August,2024-08-02
Apple Just Sent a Major Warning to Nvidia Investors,2024-08-02
1 No-Brainer Billionaire-Owned Stock to Buy Right Now,2024-08-02
This Is the Cheapest Magnificent Seven Stock. Is It Time to Buy?,2024-08-02
Wall Street to Big Tech: Is AI ever going to make money?,2024-08-02
Big Tech's AI spend is becoming too big to fail: Morning Brief,2024-08-02
Want to Profit From the Artificial Intelligence (AI) Boom? Buy Meta Platforms Stock.,2024-08-02
Big Techs AI Race Has One Main Winner: Nvidia,2024-08-02
Amazon stock tumbles on weaker-than-expected sales outlook,2024-08-01
Apple beats Q3 expectations despite a decline in iPhone sales,2024-08-01
"Nvidia stock falls more than 6%, reversing Wednesdays rally as chip stocks lead market lower",2024-08-01
Google Cloud now has a dedicated cluster of Nvidia GPUs for Y Combinator startups,2024-08-01
Nvidia Retreats Hard. Don't Ignore Earlier Wake-Up Calls.,2024-08-01
Apple Says US Smartphones Suit Has No Relation to Reality,2024-08-01
How Meta Eased Wall Street's Worries About AI Spending,2024-08-01
Google Cloud expands its database portfolio with new AI capabilities,2024-08-01
Nvidia Hits Resistance. Don't Ignore Earlier Wake-Up Calls.,2024-08-01
"Meta, Microsoft, and Google blew blinding amounts of AI smoke during earningsheres what we actually learned",2024-08-01
Google brings Gemini-powered search history and Lens to Chrome desktop,2024-08-01
Apple to report Q3 earnings as Wall Street eyes China sales,2024-08-01
Tech giants faced major market cap drop in July on earnings worries,2024-08-01
Meta Joins The AI Spending Spree But Shields Itself With Strong Ad Revenue And Earnings Beat,2024-08-01
Amazon to report second quarter earnings with AWS sales and AI spending in spotlight,2024-08-01
"Meta jumps on solid earnings beat, but warns of 'significant' cap-ex expansion",2024-08-01
Jim Cramer Says You Should Be In' Reddit Inc (NYSE:RDDT) for Its Advertising Dollars',2024-08-01
5 Things to Know Before the Stock Market Opens,2024-08-01
